Machine Name,Machine Date,Author
,,
,,
Matrix-Breakout: 2 Morpheus,,
,11 Jul 2022,Jay Beale
,,
,,Author Profile
,,
,,
Web Machine: (N7),,
,3 Nov 2021,Duty Mastr
,,
,,Author Profile
,,
,,
The Planets: Earth,,
,2 Nov 2021,SirFlash
,,
,,Author Profile
,,
,,
Jangow: 1.0.1,,
,4 Nov 2021,Jangow
,,
,,Author Profile
,,
,,
Red: 1,,
,27 Oct 2021,hadrian3689
,,
,,Author Profile
,,
,,
Napping: 1.0.1,,
,22 Oct 2021,hadrian3689
,,
,,Author Profile
,,
,,
Empire: Breakout,,
,21 Oct 2021,icex64 & Empire Cybersecurity
,,
,,Author Profile
,,
,,
Empire: LupinOne,,
,21 Oct 2021,icex64 & Empire Cybersecurity
,,
,,Author Profile
,,
,,
Thales: 1,,
,16 Oct 2021,MachineBoy
,,
,,Author Profile
,,
,,
ICA: 1,,
,25 Sep 2021,onurturali
,,
,,Author Profile
,,
,,
digitalworld.local: electrical,,
,22 Sep 2021,Donavan
,,
,,Author Profile
,,
,,
Noob: 1,,
,22 Sep 2021,VIEH Group
,,
,,Author Profile
